
-- Hospital
insert into hospital (hospital_name, st_address, city, state, zipcode, phone, maximun_patients)
values
('AHS Southcrest Hospital', '8801 South 101st East Avenue', 'Tulsa', 'OK', '74133', '74133-5716',100);
insert into hospital (hospital_name, st_address, city, state, zipcode, phone, maximun_patients)
values
('Abrazo Central Campus', '2000 West Bethany Home Road', 'Phoenix', 'AZ', '85015', '85015-2443',100);
insert into hospital (hospital_name, st_address, city, state, zipcode, phone, maximun_patients)
values
('JFK Medical Center', '65 James Street', 'Edison', 'NJ', '08818', '08818-3059',100);
insert into hospital (hospital_name, st_address, city, state, zipcode, phone, maximun_patients)
values
('ACMH Hospital', 'One Nolte Drive', 'Kittanning', 'PA', '16201', '16201-7111',100);
insert into hospital (hospital_name, st_address, city, state, zipcode, phone, maximun_patients)
values
('AMITA Health Center', '500 Remington Boulevard', 'Bolingbrook', 'IL', '60440', '60440-4988',100);
insert into hospital (hospital_name, st_address, city, state, zipcode, phone, maximun_patients)
values
('Abbeville Hospital', '118 North Drive', 'Abbeville', 'LA ', '70510', '70510-0580',100);
insert into hospital (hospital_name, st_address, city, state, zipcode, phone, maximun_patients)
values
('Abrazo West Campus', '13677 McDowell Road', 'Goodyear', 'AZ', '85395', '85395-2443',100);
insert into hospital (hospital_name, st_address, city, state, zipcode, phone, maximun_patients)
values
('AdventHealth Apopka', '2100 Ocoee Apopka Road', 'Apopka', 'FL', '32703', '32703-4988',100);
insert into hospital (hospital_name, st_address, city, state, zipcode, phone, maximun_patients)
values
('AdventHealth Dade City', '13100 Fort King Road', 'Dade City', 'FL', '33525', '733525-5294',100);
insert into hospital (hospital_name, st_address, city, state, zipcode, phone, maximun_patients)
values
('Bay Area Hospital', '1775 Thompson Rd', 'Coos Bay', 'OR', '97420', '97420-2198',100);

insert into hospital (hospital_name, st_address, city, state, zipcode, phone, maximun_patients)
values
('Baptist Hospital', '1000 West Moreno Street', 'Pensacola', 'FL', '32501', '32501-2393',100);
insert into hospital (hospital_name, st_address, city, state, zipcode, phone, maximun_patients)
values
('Beebe Healthcare', '424 Savannah Road', 'Lewes', 'DE', '19958', '19958-0226',100);
insert into hospital (hospital_name, st_address, city, state, zipcode, phone, maximun_patients)
values
('Billings Clinic', '2800 10th Avenue N', 'Billings', 'MT', '59101', '59101-2198',100);
insert into hospital (hospital_name, st_address, city, state, zipcode, phone, maximun_patients)
values
('Cape Cod Hospital', '27 Park Street', 'Hyannis', 'MA', '02601', '02601-2198',100);
insert into hospital (hospital_name, st_address, city, state, zipcode, phone, maximun_patients)
values
('Crouse Hospital', '736 Irving Avenue', 'Syracuse', 'NY', '13210', '13210-1690',100);
insert into hospital (hospital_name, st_address, city, state, zipcode, phone, maximun_patients)
values
('Dupont Hospital', '2520 E. Dupont Road', 'Fort Wayne', 'IN', '46825', '46825-5899',100);
insert into hospital (hospital_name, st_address, city, state, zipcode, phone, maximun_patients)
values
('Eskenazi Health', '720 Eskenazi Avenue', 'Indianapolis', 'IN', '46202', '46202-5166',100);
insert into hospital (hospital_name, st_address, city, state, zipcode, phone, maximun_patients)
values
('Goshen Hospital', '200 High Park Avenue', 'Goshen', 'IN', '46526', '46526-4899',100);
insert into hospital (hospital_name, st_address, city, state, zipcode, phone, maximun_patients)
values
('Hartford Hospital', '80 Seymour Street', 'Hartford', 'CT', '06102', '06102-5037',100);
insert into hospital (hospital_name, st_address, city, state, zipcode, phone, maximun_patients)
values
('JFK Medical Center', '5301 Congress Avenue', 'Atlantis', 'FL', '33462', '33462-1197',100);

-- Ward
insert into ward (hospital_id, status) values (1, '0');
insert into ward (hospital_id, status) values (1, '0');
insert into ward (hospital_id, status) values (1, '0');
insert into ward (hospital_id, status) values (1, '0');
insert into ward (hospital_id, status) values (1, '0');
insert into ward (hospital_id, status) values (1, '0');
insert into ward (hospital_id, status) values (1, '0');
insert into ward (hospital_id, status) values (1, '0');
insert into ward (hospital_id, status) values (1, '0');
insert into ward (hospital_id, status) values (1, '0');
insert into ward (hospital_id, status) values (1, '0');
insert into ward (hospital_id, status) values (1, '0');
insert into ward (hospital_id, status) values (1, '0');
insert into ward (hospital_id, status) values (1, '0');
insert into ward (hospital_id, status) values (1, '0');
insert into ward (hospital_id, status) values (1, '0');
insert into ward (hospital_id, status) values (1, '0');
insert into ward (hospital_id, status) values (1, '0');
insert into ward (hospital_id, status) values (1, '0');
insert into ward (hospital_id, status) values (1, '0');

insert into ward (hospital_id, status) values (2, '0');
insert into ward (hospital_id, status) values (2, '0');
insert into ward (hospital_id, status) values (2, '0');
insert into ward (hospital_id, status) values (2, '0');
insert into ward (hospital_id, status) values (2, '0');
insert into ward (hospital_id, status) values (2, '0');
insert into ward (hospital_id, status) values (2, '0');
insert into ward (hospital_id, status) values (2, '0');
insert into ward (hospital_id, status) values (2, '0');
insert into ward (hospital_id, status) values (2, '0');
insert into ward (hospital_id, status) values (2, '0');
insert into ward (hospital_id, status) values (2, '0');
insert into ward (hospital_id, status) values (2, '0');
insert into ward (hospital_id, status) values (2, '0');
insert into ward (hospital_id, status) values (2, '0');
insert into ward (hospital_id, status) values (2, '0');
insert into ward (hospital_id, status) values (2, '0');
insert into ward (hospital_id, status) values (2, '0');
insert into ward (hospital_id, status) values (2, '0');
insert into ward (hospital_id, status) values (2, '0');

insert into ward (hospital_id, status) values (3, '0');
insert into ward (hospital_id, status) values (3, '0');
insert into ward (hospital_id, status) values (3, '0');
insert into ward (hospital_id, status) values (3, '0');
insert into ward (hospital_id, status) values (3, '0');
insert into ward (hospital_id, status) values (3, '0');
insert into ward (hospital_id, status) values (3, '0');
insert into ward (hospital_id, status) values (3, '0');
insert into ward (hospital_id, status) values (3, '0');
insert into ward (hospital_id, status) values (3, '0');
insert into ward (hospital_id, status) values (3, '0');
insert into ward (hospital_id, status) values (3, '0');
insert into ward (hospital_id, status) values (3, '0');
insert into ward (hospital_id, status) values (3, '0');
insert into ward (hospital_id, status) values (3, '0');
insert into ward (hospital_id, status) values (3, '0');
insert into ward (hospital_id, status) values (3, '0');
insert into ward (hospital_id, status) values (3, '0');
insert into ward (hospital_id, status) values (3, '0');
insert into ward (hospital_id, status) values (3, '0');

insert into ward (hospital_id, status) values (4, '0');
insert into ward (hospital_id, status) values (4, '0');
insert into ward (hospital_id, status) values (4, '0');
insert into ward (hospital_id, status) values (4, '0');
insert into ward (hospital_id, status) values (4, '0');
insert into ward (hospital_id, status) values (4, '0');
insert into ward (hospital_id, status) values (4, '0');
insert into ward (hospital_id, status) values (4, '0');
insert into ward (hospital_id, status) values (4, '0');
insert into ward (hospital_id, status) values (4, '0');
insert into ward (hospital_id, status) values (4, '0');
insert into ward (hospital_id, status) values (4, '0');
insert into ward (hospital_id, status) values (4, '0');
insert into ward (hospital_id, status) values (4, '0');
insert into ward (hospital_id, status) values (4, '0');
insert into ward (hospital_id, status) values (4, '0');
insert into ward (hospital_id, status) values (4, '0');
insert into ward (hospital_id, status) values (4, '0');
insert into ward (hospital_id, status) values (4, '0');
insert into ward (hospital_id, status) values (4, '0');

insert into ward (hospital_id, status) values (5, '0');
insert into ward (hospital_id, status) values (5, '0');
insert into ward (hospital_id, status) values (5, '0');
insert into ward (hospital_id, status) values (5, '0');
insert into ward (hospital_id, status) values (5, '0');
insert into ward (hospital_id, status) values (5, '0');
insert into ward (hospital_id, status) values (5, '0');
insert into ward (hospital_id, status) values (5, '0');
insert into ward (hospital_id, status) values (5, '0');
insert into ward (hospital_id, status) values (5, '0');
insert into ward (hospital_id, status) values (5, '0');
insert into ward (hospital_id, status) values (5, '0');
insert into ward (hospital_id, status) values (5, '0');
insert into ward (hospital_id, status) values (5, '0');
insert into ward (hospital_id, status) values (5, '0');
insert into ward (hospital_id, status) values (5, '0');
insert into ward (hospital_id, status) values (5, '0');
insert into ward (hospital_id, status) values (5, '0');
insert into ward (hospital_id, status) values (5, '0');
insert into ward (hospital_id, status) values (5, '0');

insert into ward (hospital_id, status) values (6, '0');
insert into ward (hospital_id, status) values (6, '0');
insert into ward (hospital_id, status) values (6, '0');
insert into ward (hospital_id, status) values (6, '0');
insert into ward (hospital_id, status) values (6, '0');
insert into ward (hospital_id, status) values (6, '0');
insert into ward (hospital_id, status) values (6, '0');
insert into ward (hospital_id, status) values (6, '0');
insert into ward (hospital_id, status) values (6, '0');
insert into ward (hospital_id, status) values (6, '0');
insert into ward (hospital_id, status) values (6, '0');
insert into ward (hospital_id, status) values (6, '0');
insert into ward (hospital_id, status) values (6, '0');
insert into ward (hospital_id, status) values (6, '0');
insert into ward (hospital_id, status) values (6, '0');
insert into ward (hospital_id, status) values (6, '0');
insert into ward (hospital_id, status) values (6, '0');
insert into ward (hospital_id, status) values (6, '0');
insert into ward (hospital_id, status) values (6, '0');
insert into ward (hospital_id, status) values (6, '0');

insert into ward (hospital_id, status) values (7, '0');
insert into ward (hospital_id, status) values (7, '0');
insert into ward (hospital_id, status) values (7, '0');
insert into ward (hospital_id, status) values (7, '0');
insert into ward (hospital_id, status) values (7, '0');
insert into ward (hospital_id, status) values (7, '0');
insert into ward (hospital_id, status) values (7, '0');
insert into ward (hospital_id, status) values (7, '0');
insert into ward (hospital_id, status) values (7, '0');
insert into ward (hospital_id, status) values (7, '0');
insert into ward (hospital_id, status) values (7, '0');
insert into ward (hospital_id, status) values (7, '0');
insert into ward (hospital_id, status) values (7, '0');
insert into ward (hospital_id, status) values (7, '0');
insert into ward (hospital_id, status) values (7, '0');
insert into ward (hospital_id, status) values (7, '0');
insert into ward (hospital_id, status) values (7, '0');
insert into ward (hospital_id, status) values (7, '0');
insert into ward (hospital_id, status) values (7, '0');
insert into ward (hospital_id, status) values (7, '0');

insert into ward (hospital_id, status) values (8, '0');
insert into ward (hospital_id, status) values (8, '0');
insert into ward (hospital_id, status) values (8, '0');
insert into ward (hospital_id, status) values (8, '0');
insert into ward (hospital_id, status) values (8, '0');
insert into ward (hospital_id, status) values (8, '0');
insert into ward (hospital_id, status) values (8, '0');
insert into ward (hospital_id, status) values (8, '0');
insert into ward (hospital_id, status) values (8, '0');
insert into ward (hospital_id, status) values (8, '0');
insert into ward (hospital_id, status) values (8, '0');
insert into ward (hospital_id, status) values (8, '0');
insert into ward (hospital_id, status) values (8, '0');
insert into ward (hospital_id, status) values (8, '0');
insert into ward (hospital_id, status) values (8, '0');
insert into ward (hospital_id, status) values (8, '0');
insert into ward (hospital_id, status) values (8, '0');
insert into ward (hospital_id, status) values (8, '0');
insert into ward (hospital_id, status) values (8, '0');
insert into ward (hospital_id, status) values (8, '0');

insert into ward (hospital_id, status) values (9, '0');
insert into ward (hospital_id, status) values (9, '0');
insert into ward (hospital_id, status) values (9, '0');
insert into ward (hospital_id, status) values (9, '0');
insert into ward (hospital_id, status) values (9, '0');
insert into ward (hospital_id, status) values (9, '0');
insert into ward (hospital_id, status) values (9, '0');
insert into ward (hospital_id, status) values (9, '0');
insert into ward (hospital_id, status) values (9, '0');
insert into ward (hospital_id, status) values (9, '0');
insert into ward (hospital_id, status) values (9, '0');
insert into ward (hospital_id, status) values (9, '0');
insert into ward (hospital_id, status) values (9, '0');
insert into ward (hospital_id, status) values (9, '0');
insert into ward (hospital_id, status) values (9, '0');
insert into ward (hospital_id, status) values (9, '0');
insert into ward (hospital_id, status) values (9, '0');
insert into ward (hospital_id, status) values (9, '0');
insert into ward (hospital_id, status) values (9, '0');
insert into ward (hospital_id, status) values (9, '0');

insert into ward (hospital_id, status) values (10, '0');
insert into ward (hospital_id, status) values (10, '0');
insert into ward (hospital_id, status) values (10, '0');
insert into ward (hospital_id, status) values (10, '0');
insert into ward (hospital_id, status) values (10, '0');
insert into ward (hospital_id, status) values (10, '0');
insert into ward (hospital_id, status) values (10, '0');
insert into ward (hospital_id, status) values (10, '0');
insert into ward (hospital_id, status) values (10, '0');
insert into ward (hospital_id, status) values (10, '0');
insert into ward (hospital_id, status) values (10, '0');
insert into ward (hospital_id, status) values (10, '0');
insert into ward (hospital_id, status) values (10, '0');
insert into ward (hospital_id, status) values (10, '0');
insert into ward (hospital_id, status) values (10, '0');
insert into ward (hospital_id, status) values (10, '0');
insert into ward (hospital_id, status) values (10, '0');
insert into ward (hospital_id, status) values (10, '0');
insert into ward (hospital_id, status) values (10, '0');
insert into ward (hospital_id, status) values (10, '0');

insert into ward (hospital_id, status) values (11, '0');
insert into ward (hospital_id, status) values (11, '0');
insert into ward (hospital_id, status) values (11, '0');
insert into ward (hospital_id, status) values (11, '0');
insert into ward (hospital_id, status) values (11, '0');
insert into ward (hospital_id, status) values (11, '0');
insert into ward (hospital_id, status) values (11, '0');
insert into ward (hospital_id, status) values (11, '0');
insert into ward (hospital_id, status) values (11, '0');
insert into ward (hospital_id, status) values (11, '0');
insert into ward (hospital_id, status) values (11, '0');
insert into ward (hospital_id, status) values (11, '0');
insert into ward (hospital_id, status) values (11, '0');
insert into ward (hospital_id, status) values (11, '0');
insert into ward (hospital_id, status) values (11, '0');
insert into ward (hospital_id, status) values (11, '0');
insert into ward (hospital_id, status) values (11, '0');
insert into ward (hospital_id, status) values (11, '0');
insert into ward (hospital_id, status) values (11, '0');
insert into ward (hospital_id, status) values (11, '0');

insert into ward (hospital_id, status) values (12, '0');
insert into ward (hospital_id, status) values (12, '0');
insert into ward (hospital_id, status) values (12, '0');
insert into ward (hospital_id, status) values (12, '0');
insert into ward (hospital_id, status) values (12, '0');
insert into ward (hospital_id, status) values (12, '0');
insert into ward (hospital_id, status) values (12, '0');
insert into ward (hospital_id, status) values (12, '0');
insert into ward (hospital_id, status) values (12, '0');
insert into ward (hospital_id, status) values (12, '0');
insert into ward (hospital_id, status) values (12, '0');
insert into ward (hospital_id, status) values (12, '0');
insert into ward (hospital_id, status) values (12, '0');
insert into ward (hospital_id, status) values (12, '0');
insert into ward (hospital_id, status) values (12, '0');
insert into ward (hospital_id, status) values (12, '0');
insert into ward (hospital_id, status) values (12, '0');
insert into ward (hospital_id, status) values (12, '0');
insert into ward (hospital_id, status) values (12, '0');
insert into ward (hospital_id, status) values (12, '0');

insert into ward (hospital_id, status) values (13, '0');
insert into ward (hospital_id, status) values (13, '0');
insert into ward (hospital_id, status) values (13, '0');
insert into ward (hospital_id, status) values (13, '0');
insert into ward (hospital_id, status) values (13, '0');
insert into ward (hospital_id, status) values (13, '0');
insert into ward (hospital_id, status) values (13, '0');
insert into ward (hospital_id, status) values (13, '0');
insert into ward (hospital_id, status) values (13, '0');
insert into ward (hospital_id, status) values (13, '0');
insert into ward (hospital_id, status) values (13, '0');
insert into ward (hospital_id, status) values (13, '0');
insert into ward (hospital_id, status) values (13, '0');
insert into ward (hospital_id, status) values (13, '0');
insert into ward (hospital_id, status) values (13, '0');
insert into ward (hospital_id, status) values (13, '0');
insert into ward (hospital_id, status) values (13, '0');
insert into ward (hospital_id, status) values (13, '0');
insert into ward (hospital_id, status) values (13, '0');
insert into ward (hospital_id, status) values (13, '0');

insert into ward (hospital_id, status) values (14, '0');
insert into ward (hospital_id, status) values (14, '0');
insert into ward (hospital_id, status) values (14, '0');
insert into ward (hospital_id, status) values (14, '0');
insert into ward (hospital_id, status) values (14, '0');
insert into ward (hospital_id, status) values (14, '0');
insert into ward (hospital_id, status) values (14, '0');
insert into ward (hospital_id, status) values (14, '0');
insert into ward (hospital_id, status) values (14, '0');
insert into ward (hospital_id, status) values (14, '0');
insert into ward (hospital_id, status) values (14, '0');
insert into ward (hospital_id, status) values (14, '0');
insert into ward (hospital_id, status) values (14, '0');
insert into ward (hospital_id, status) values (14, '0');
insert into ward (hospital_id, status) values (14, '0');
insert into ward (hospital_id, status) values (14, '0');
insert into ward (hospital_id, status) values (14, '0');
insert into ward (hospital_id, status) values (14, '0');
insert into ward (hospital_id, status) values (14, '0');
insert into ward (hospital_id, status) values (14, '0');

insert into ward (hospital_id, status) values (15, '0');
insert into ward (hospital_id, status) values (15, '0');
insert into ward (hospital_id, status) values (15, '0');
insert into ward (hospital_id, status) values (15, '0');
insert into ward (hospital_id, status) values (15, '0');
insert into ward (hospital_id, status) values (15, '0');
insert into ward (hospital_id, status) values (15, '0');
insert into ward (hospital_id, status) values (15, '0');
insert into ward (hospital_id, status) values (15, '0');
insert into ward (hospital_id, status) values (15, '0');
insert into ward (hospital_id, status) values (15, '0');
insert into ward (hospital_id, status) values (15, '0');
insert into ward (hospital_id, status) values (15, '0');
insert into ward (hospital_id, status) values (15, '0');
insert into ward (hospital_id, status) values (15, '0');
insert into ward (hospital_id, status) values (15, '0');
insert into ward (hospital_id, status) values (15, '0');
insert into ward (hospital_id, status) values (15, '0');
insert into ward (hospital_id, status) values (15, '0');
insert into ward (hospital_id, status) values (15, '0');

insert into ward (hospital_id, status) values (16, '0');
insert into ward (hospital_id, status) values (16, '0');
insert into ward (hospital_id, status) values (16, '0');
insert into ward (hospital_id, status) values (16, '0');
insert into ward (hospital_id, status) values (16, '0');
insert into ward (hospital_id, status) values (16, '0');
insert into ward (hospital_id, status) values (16, '0');
insert into ward (hospital_id, status) values (16, '0');
insert into ward (hospital_id, status) values (16, '0');
insert into ward (hospital_id, status) values (16, '0');
insert into ward (hospital_id, status) values (16, '0');
insert into ward (hospital_id, status) values (16, '0');
insert into ward (hospital_id, status) values (16, '0');
insert into ward (hospital_id, status) values (16, '0');
insert into ward (hospital_id, status) values (16, '0');
insert into ward (hospital_id, status) values (16, '0');
insert into ward (hospital_id, status) values (16, '0');
insert into ward (hospital_id, status) values (16, '0');
insert into ward (hospital_id, status) values (16, '0');
insert into ward (hospital_id, status) values (16, '0');

insert into ward (hospital_id, status) values (17, '0');
insert into ward (hospital_id, status) values (17, '0');
insert into ward (hospital_id, status) values (17, '0');
insert into ward (hospital_id, status) values (17, '0');
insert into ward (hospital_id, status) values (17, '0');
insert into ward (hospital_id, status) values (17, '0');
insert into ward (hospital_id, status) values (17, '0');
insert into ward (hospital_id, status) values (17, '0');
insert into ward (hospital_id, status) values (17, '0');
insert into ward (hospital_id, status) values (17, '0');
insert into ward (hospital_id, status) values (17, '0');
insert into ward (hospital_id, status) values (17, '0');
insert into ward (hospital_id, status) values (17, '0');
insert into ward (hospital_id, status) values (17, '0');
insert into ward (hospital_id, status) values (17, '0');
insert into ward (hospital_id, status) values (17, '0');
insert into ward (hospital_id, status) values (17, '0');
insert into ward (hospital_id, status) values (17, '0');
insert into ward (hospital_id, status) values (17, '0');
insert into ward (hospital_id, status) values (17, '0');

insert into ward (hospital_id, status) values (18, '0');
insert into ward (hospital_id, status) values (18, '0');
insert into ward (hospital_id, status) values (18, '0');
insert into ward (hospital_id, status) values (18, '0');
insert into ward (hospital_id, status) values (18, '0');
insert into ward (hospital_id, status) values (18, '0');
insert into ward (hospital_id, status) values (18, '0');
insert into ward (hospital_id, status) values (18, '0');
insert into ward (hospital_id, status) values (18, '0');
insert into ward (hospital_id, status) values (18, '0');
insert into ward (hospital_id, status) values (18, '0');
insert into ward (hospital_id, status) values (18, '0');
insert into ward (hospital_id, status) values (18, '0');
insert into ward (hospital_id, status) values (18, '0');
insert into ward (hospital_id, status) values (18, '0');
insert into ward (hospital_id, status) values (18, '0');
insert into ward (hospital_id, status) values (18, '0');
insert into ward (hospital_id, status) values (18, '0');
insert into ward (hospital_id, status) values (18, '0');
insert into ward (hospital_id, status) values (18, '0');

insert into ward (hospital_id, status) values (19, '0');
insert into ward (hospital_id, status) values (19, '0');
insert into ward (hospital_id, status) values (19, '0');
insert into ward (hospital_id, status) values (19, '0');
insert into ward (hospital_id, status) values (19, '0');
insert into ward (hospital_id, status) values (19, '0');
insert into ward (hospital_id, status) values (19, '0');
insert into ward (hospital_id, status) values (19, '0');
insert into ward (hospital_id, status) values (19, '0');
insert into ward (hospital_id, status) values (19, '0');
insert into ward (hospital_id, status) values (19, '0');
insert into ward (hospital_id, status) values (19, '0');
insert into ward (hospital_id, status) values (19, '0');
insert into ward (hospital_id, status) values (19, '0');
insert into ward (hospital_id, status) values (19, '0');
insert into ward (hospital_id, status) values (19, '0');
insert into ward (hospital_id, status) values (19, '0');
insert into ward (hospital_id, status) values (19, '0');
insert into ward (hospital_id, status) values (19, '0');
insert into ward (hospital_id, status) values (19, '0');

insert into ward (hospital_id, status) values (20, '0');
insert into ward (hospital_id, status) values (20, '0');
insert into ward (hospital_id, status) values (20, '0');
insert into ward (hospital_id, status) values (20, '0');
insert into ward (hospital_id, status) values (20, '0');
insert into ward (hospital_id, status) values (20, '0');
insert into ward (hospital_id, status) values (20, '0');
insert into ward (hospital_id, status) values (20, '0');
insert into ward (hospital_id, status) values (20, '0');
insert into ward (hospital_id, status) values (20, '0');
insert into ward (hospital_id, status) values (20, '0');
insert into ward (hospital_id, status) values (20, '0');
insert into ward (hospital_id, status) values (20, '0');
insert into ward (hospital_id, status) values (20, '0');
insert into ward (hospital_id, status) values (20, '0');
insert into ward (hospital_id, status) values (20, '0');
insert into ward (hospital_id, status) values (20, '0');
insert into ward (hospital_id, status) values (20, '0');
insert into ward (hospital_id, status) values (20, '0');
insert into ward (hospital_id, status) values (20, '0');

insert into test (test_name, description, price)
values 
('Covid-19 Test', 'This test is used for detecting Covid-19, and the accuracy is 99%.', 10);
insert into test (test_name, description, price)
values 
('Covid-1 Antibody Test', 'This test is used for detecting Covid-19 Antibody, and the accuracy is 98%.', 12);
insert into test (test_name, description, price)
values 
('Complete Blood Count', 'This test, also known as a CBC, is the most common blood test performed. It measures the types and numbers of cells in the blood, including red and white blood cells and platelets.', 35);
insert into test (test_name, description, price)
values 
('Prothrombin Time', 'Also known as PT and Pro Time, this test measures how long it takes blood to clot. This coagulation test measures the presence and activity of five different blood clotting factors.', 29);
insert into test (test_name, description, price)
values 
('Basic Metabolic Panel', 'This test measures glucose, sodium, potassium, calcium, chloride, carbon dioxide, blood urea nitrogen and creatinine which can help determine blood sugar level, electrolyte and fluid balance as well as kidney function.', 70);
insert into test (test_name, description, price)
values 
('Comprehensive Metabolic Panel', 'This test combines the Basic Metabolic Panel with six more tests for a more comprehensive evaluation of metabolic functions, with a focus on organ systems.', 55);
insert into test (test_name, description, price)
values 
('Liver Panel', 'The liver panel is a combination of tests used to assess liver function and establish the possible presence of liver tumors.', 45);
insert into test (test_name, description, price)
values 
('Thyroid Stimulating Hormone', 'This test screens and monitors the function of the thyroid.', 75);


insert into lab (lab_name, description, st_address, city, state, zipcode)
values
('Lab Drawing Station Martin', 'Open weekdays: 7 a.m. to 5 p.m. Open Saturday: 8 a.m. to noon', '200 SE Hospital Ave', 'Stuart', 'FL', '34994');
insert into lab (lab_name, description, st_address, city, state, zipcode)
values
('Lab Drawing Station Cleveland', 'Open weekdays: 7 a.m. to 4 p.m.', '2100 SE Salerno Rd', 'Stuart', 'FL', '34995');
insert into lab (lab_name, description, st_address, city, state, zipcode)
values
('Lab Drawing Station Tradition', 'Open weekdays 7 a.m. to 3:30 p.m.', '10050 Port St', 'Lucie', 'FL', '34987');
insert into lab (lab_name, description, st_address, city, state, zipcode)
values
('Martin Family Health Center', 'Monday through Friday, 7 a.m. to 6:30 p.m.', '3801 S. Kanner Highway', 'Stuart', 'FL', '34994');
insert into lab (lab_name, description, st_address, city, state, zipcode)
values
('Lab Drawing Station Palm', 'Open weekdays, 7 a.m. to 3 p.m.', '3066 SW Martin Downs Blvd', 'Palm City', 'FL', '34990');
insert into lab (lab_name, description, st_address, city, state, zipcode)
values
('Lab Drawing Station Port', 'Open weekdays: 7 a.m. to 3 p.m.', '1651 SE Tiffany Ave', 'Port St. Lucie', 'FL', '34952');


insert into test_lab(test_id, test_name, lab_id, lab_name)
values
(1, 'Covid-19 Test', 2, 'Lab Drawing Station Cleveland');
insert into test_lab(test_id, test_name, lab_id, lab_name)
values
(1, 'Covid-19 Test', 5, 'Lab Drawing Station Palm');
insert into test_lab(test_id, test_name, lab_id, lab_name)
values
(1, 'Covid-19 Test', 6, 'Lab Drawing Station Port');
insert into test_lab(test_id, test_name, lab_id, lab_name)
values
(2, 'Covid-1 Antibody Test', 1, 'Lab Drawing Station Martin');
insert into test_lab(test_id, test_name, lab_id, lab_name)
values
(2, 'Covid-1 Antibody Test', 2, 'Lab Drawing Station Cleveland');
insert into test_lab(test_id, test_name, lab_id, lab_name)
values
(2, 'Covid-1 Antibody Test', 4, 'Martin Family Health Center');
insert into test_lab(test_id, test_name, lab_id, lab_name)
values
(2, 'Covid-1 Antibody Test', 5, 'Lab Drawing Station Palm');
insert into test_lab(test_id, test_name, lab_id, lab_name)
values
(3, 'Complete Blood Count', 3, 'Lab Drawing Station Tradition');
insert into test_lab(test_id, test_name, lab_id, lab_name)
values
(3, 'Complete Blood Count', 6, 'Lab Drawing Station Port');
insert into test_lab(test_id, test_name, lab_id, lab_name)
values
(4, 'Prothrombin Time', 1, 'Lab Drawing Station Martin');
insert into test_lab(test_id, test_name, lab_id, lab_name)
values
(4, 'Prothrombin Time', 2, 'Lab Drawing Station Cleveland');
insert into test_lab(test_id, test_name, lab_id, lab_name)
values
(4, 'Prothrombin Time', 4, 'Martin Family Health Center');
insert into test_lab(test_id, test_name, lab_id, lab_name)
values
(5, 'Basic Metabolic Panel', 1, 'Lab Drawing Station Martin');
insert into test_lab(test_id, test_name, lab_id, lab_name)
values
(5, 'Basic Metabolic Panel', 2, 'Lab Drawing Station Cleveland');
insert into test_lab(test_id, test_name, lab_id, lab_name)
values
(5, 'Basic Metabolic Panel', 4, 'Martin Family Health Center');
insert into test_lab(test_id, test_name, lab_id, lab_name)
values
(6, 'Comprehensive Metabolic Panel', 1, 'Lab Drawing Station Martin');
insert into test_lab(test_id, test_name, lab_id, lab_name)
values
(6, 'Comprehensive Metabolic Panel', 3, 'Lab Drawing Station Tradition');
insert into test_lab(test_id, test_name, lab_id, lab_name)
values
(6, 'Comprehensive Metabolic Panel', 4, 'Martin Family Health Center');
insert into test_lab(test_id, test_name, lab_id, lab_name)
values
(7, 'Liver Panel', 5, 'Lab Drawing Station Palm');
insert into test_lab(test_id, test_name, lab_id, lab_name)
values
(7, 'Liver Panel', 6, 'Lab Drawing Station Port');
insert into test_lab(test_id, test_name, lab_id, lab_name)
values
(8, 'Thyroid Stimulating Hormone', 5, 'Lab Drawing Station Palm');
insert into test_lab(test_id, test_name, lab_id, lab_name)
values
(8, 'Thyroid Stimulating Hormone', 6, 'Lab Drawing Station Port');

insert into medicine(medicine_name, description, dose, price)
values
('Acetaminophen', 'Acetaminophen is a pain reliever and a fever reducer.', '80 mg/0.8 mL', 45);
insert into medicine(medicine_name, description, dose, price)
values
('Ativan', 'Ativan (lorazepam) belongs to a group of drugs called benzodiazepines. It is thought that lorazepam works by enhancing the activity of certain neurotransmitters in the brain.', '0.5mg', 70);
insert into medicine(medicine_name, description, dose, price)
values
('Benzonatate', 'Benzonatate works by numbing the throat and lungs, making the cough reflex less active.', '200 mg', 50);
insert into medicine(medicine_name, description, dose, price)
values
('Cephalexin', 'Cephalexin is a cephalosporin (SEF a low spor in) antibiotic. It works by fighting bacteria in your body.', 'hydrochloride 500 mg', 74);
insert into medicine(medicine_name, description, dose, price)
values
('Doxycycline', 'Doxycycline is a tetracycline antibiotic that fights bacteria in the body.', 'monohydrate 150 mg', 123);
insert into medicine(medicine_name, description, dose, price)
values
('Farxiga', 'Farxiga (dapagliflozin) is an oral diabetes medicine that helps control blood sugar levels. Dapagliflozin works by helping the kidneys get rid of glucose from your bloodstream.', 'PROPANEDIOL 5mg', 230);
insert into medicine(medicine_name, description, dose, price)
values
('Fentanyl Patch', 'Fentanyl patches are a strong prescription pain medicine. The patches are used to treat moderate to severe chronic pain around the clock.', '5 mcg/mL-0.9%', 801);
insert into medicine(medicine_name, description, dose, price)
values
('Januvia', 'Januvia (sitagliptin) is an oral diabetes medicine that helps control blood sugar levels. It works by regulating the levels of insulin your body produces after eating.', 'PHOSPHATE 25mg', 515);
insert into medicine(medicine_name, description, dose, price)
values
('Meloxicam', 'Meloxicam is a nonsteroidal anti-inflammatory drug (NSAID). It works by reducing hormones that cause inflammation and pain in the body.', '7.5 mg/5 mL', 784);
insert into medicine(medicine_name, description, dose, price)
values
('Pantoprazole', 'Pantoprazole is a proton pump inhibitor that decreases the amount of acid produced in the stomach.', '40 mg', 365);


insert into icd(disease_name, description)
values
('Covid-19', 'A new popular and fatal disease coming in 2020. A respiratory disease to lung.');
insert into icd(disease_name, description)
values
('Headache', 'R51 - Headache');
insert into icd(disease_name, description)
values
('Paroxysmal atrial fibrillation', 'I48.0 - Paroxysmal atrial fibrillation');
insert into icd(disease_name, description)
values
('Dental caries', 'Dental caries (K02)');
insert into icd(disease_name, description)
values
('Gastric ulcer', 'Gastric ulcer (K25)');
insert into icd(disease_name, description)
values
('Alcoholic liver disease', 'Alcoholic liver disease (K70)');
insert into icd(disease_name, description)
values
('Cholelithiasis', 'Cholelithiasis (K80)');
insert into icd(disease_name, description)
values
('Intestinal malabsorption', 'Intestinal malabsorption (K90)');
insert into icd(disease_name, description)
values
('Otitis externa', 'Otitis externa (H60)');
insert into icd(disease_name, description)
values
('Otosclerosis', 'Otosclerosis (H80)');




